Exon 1,,,,,,Exon 2 ,,,,,,Exon 3 ,,,,,,Exon 4,,,,,,Exon 5,,,,,,Exon 6,,,,,,Exon 7,,,,,,Exon 8,,,,
Specificity Score Comparison ,,,,,,Specificity Score Comparison ,,,,,,Specificity Score Comparison ,,,,,,Specificity Score Comparison ,,,,,,Specificity Score Comparison ,,,,,,Specificity Score Comparison ,,,,,,Specificity Score Comparison ,,,,,,Specificity Score Comparison ,,,,
Sequence,Benchling (MIT-Broad),Geneious ,Guidescan2,Benchling (CFD),,Sequence,Benchling (MIT-Broad),Geneious ,Guidescan2,Benchling (CFD),,Sequence,Benchling (MIT-Broad),Geneious ,Guidescan2,Benchling (CFD),,Sequence,Benchling (MIT-Broad),Geneious ,Guidescan2,Benchling (CFD),,Sequence,Benchling (MIT-Broad),Geneious ,Guidescan2,Benchling (CFD),,Sequence,Benchling (MIT-Broad),Geneious ,Guidescan2,Benchling (CFD),,Sequence,Benchling (MIT-Broad),Geneious ,Guidescan2,Benchling (CFD),,Sequence,Benchling (MIT-Broad),Geneious ,Guidescan2,Benchling (CFD)
GTTTATATTGGGCATCAGGT,49.845603,99.92,86.918,38.2006832,,GCATCAGTATCAGGACCAGG,49.4850832,99.32,65.9166,37.8747033,,TATGGGCCATCCCGTGACTG,49.6616262,99.48,92.4006,46.2133424,,GCTGGAATGACGTTCAACGG,49.0475037,98.77,46.1843,30.5324424,,ACTGCAATTGGAGACGCCTA,49.9078012,99.81,86.6667,46.37907,,ACATACGCAGCATCAGTAGT,49.671347,99.81,56.2477,34.612331,,AAGCAGCTTATTCTTGTCAC,49.0132924,97.41,56.5365,35.4997847,,AGCTATGGTTACCTACTTCA,49.6718963,99.75,97.16,46.2969792
TCAAGTTTATATTGGGCATC,49.1816506,98.76,68.5984,37.4269287,,AGAAATGGCGGACAGCACCG,49.9156662,99.77,77.9202,43.8550088,,CACCGTCGTGCCAAACAGTG,49.7824081,100,100,48.3940524,,TGGAATGACGTTCAACGGCG,49.1447843,98.5,53.5594,34.5707727,,TAGCAGCAAAGCTACACCAT,49.8485735,99.48,94.5206,48.5915493,,GGTTATTTGCTATATTCTTT,45.6431414,96.98,29.4449,19.8098987,,TATTCTTGTCACTGGTATGA,49.151138,98.9,36.2729,23.6483803,,TTGCACCAACACCATGAAGT,49.7158057,100,98.2533,46.0318723
GCTTTCATCAAGTTTATATT,45.8057099,95.47,21.009,13.7484487,,GATGGTGGTCCAAGAAATGG,48.6964903,98.09,38.1102,26.0628998,,CTGGCTGATATTCTGCATGG,49.5681855,99.94,95.4959,42.1755167,,TGTTGGACATGGATCTTCGA,48.5266548,99.48,54.1834,28.0226481,,,,,,,,GTCTTTATGCTCTGTATATT,49.1419152,98.65,59.6667,29.7822304,,TCACTGGTATGATGGATCAG,49.5630721,99.03,51.9346,32.5118382,,GGTTACCTACTTCATGGTGT,49.7001723,99.84,94.6721,47.6218509
TGCTTTCATCAAGTTTATAT,46.7453016,94.34,37.0318,18.5867462,,GCTCTTCTTCACGCACAGCG,49.6902606,99.2,61.9403,37.2079966,,CAGGAACGAACCATCAACCT,49.4859117,100,95.9925,47.0956697,,CCACCAGTCACGCCGCCCCA,49.8134468,99.44,69.2311,40.909208,,,,,,,,,,,,,,CTGGTATGATGGATCAGAGG,49.1970088,97.24,55.2311,33.5789797,,CGTTGAAGAATATTCACTTT,46.5741133,92.33,35.5448,24.9742687
ATAAACTTGATGAAAGCAAC,47.5723781,97.56,27.9334,17.0075823,,CTGATGCAGTTCGGATTCTG,49.7848559,99.43,80.6541,43.4644271,,TGGCACGACGGTGTCCAGCG,49.5685522,98.86,84.8361,42.7641348,,ATGTTGGACATGGATCTTCG,49.3006738,99.14,37.0727,25.3769458,,,,,,,,,,,,,,AACAATCTGTACAAATGTTT,44.6530633,93.51,21.0175,15.0114751,,TTCACTTTAGGATTGAAAGT,47.0633439,,,22.4295339
TGTAGTAATTGAACATGAAG,47.6586398,98.16,48.1417,22.0849614,,AATGATGGAGAGCGAAGACG,47.2684374,97.1,28.7974,19.0683069,,TGGACGTGTTGTTCTGCTCG,49.8380956,99.68,93.1484,47.5227039,,CCGGAAGGTGGTCGTGAAGT,49.3362838,98.15,63.2553,38.1943084,,,,,,,,,,,,,,ACATCGCTTTCTGACACTGC,49.9075733,100,100,49.3380853,,AGGATTGAAAGTTGGAAAGA,36.4620933,,,5.7233594
GATCTTGTGTATGTGTTTCG,47.6525224,96.94,23.273,16.7641834,,GCTGTGCGTGAAGAAGAGCA,48.9353123,97.32,37.2244,26.5619584,,GACACCGTCGTGCCAAACAG,49.3752423,98.88,54.7847,32.2045299,,TCCAACATGTTTTCACCCTG,49.1655713,97.65,69.3489,38.9645173,,,,,,,,,,,,,,CAGAAAGCGATGTCGATTTC,47.9168334,96.79,33.7617,22.9545903,,GATCGAAATGATTATCGAGC,45.769785,,,14.4750248
,,,,,,GTCACCAATGAAAGTGATGG,49.65773,98.51,42.2398,31.7830132,,TATCCTTACGACCCCAGTCA,49.5418342,99.62,77.0137,41.4832484,,GCCCCAGGGTGAAAACATGT,48.9534735,97.56,58.6094,36.6532006,,,,,,,,,,,,,,AGAAAGCGATGTCGATTTCA,47.3114708,97.36,24.9665,16.7752726,,,,,,
,,,,,,AGATAGCCGTCAAGAAGATG,48.6791075,98.45,62.5812,34.7493683,,TTACGACCCCAGTCACGGGA,49.8718075,99.89,96.0728,46.4869434,,GGGTGAAAACATGTTGGACA,49.1346348,98.8,52.3151,29.4256074,,,,,,,,,,,,,,GAAAGCGATGTCGATTTCAG,48.7784382,98.35,45.4947,29.5588857,,,,,,
,,,,,,GCTGGCCGTCATAGGGACCA,49.8606677,99.67,83.5896,43.959449,,GATGGAATTCAGCGCCACGC,49.0499379,98.43,66.249,38.1306953,,GACCAAGAAACAGGAAATGC,48.1989931,96.49,28.6616,23.8130532,,,,,,,,,,,,,,AAAGTTCTTCACTGTATCTT,49.2223027,99.07,59.7054,31.1961805,,,,,,
,,,,,,AGAGTCACCAATGAAAGTGA,48.841122,97.35,35.2959,24.1014468,,TTACTGGCTGATATTCTGCA,49.0447869,99.84,77.0241,35.1029604,,AACATGTTTTCACCCTGGGG,49.8372222,99.7,90.2041,43.2404118,,,,,,,,,,,,,,,,,,,,,,,,
,,,,,,GAGCATGGTGATGGTGTTCG,48.7452928,93.97,29.2124,24.7537323,,ACACCGTCGTGCCAAACAGT,49.2402871,97.79,52.025,33.7936304,,TGGCAGTGCAGAGCAGCCGA,97.7824827,99.49,91.2944,78.0537035,,,,,,,,,,,,,,,,,,,,,,,,
,,,,,,CGTGAAGAAGAGCATGGTGA,48.1017786,96.32,30.2926,21.1956236,,ACTGGGGTCGTAAGGATACC,49.7347743,99.95,98.1865,47.3377605,,TCCAGCAGTTGGCCGGAAGG,49.5851427,99.29,68.1298,41.5178263,,,,,,,,,,,,,,,,,,,,,,,,
,,,,,,GAAGATGAGGATACTCCTGC,49.8192535,99.37,64.8082,38.21596,,ATATGGGCCATCCCGTGACT,49.2045988,97.45,63.5314,38.8496519,,CATTCCAGCAGTTGGCCGGA,49.5405324,99.97,92.5042,45.1291558,,,,,,,,,,,,,,,,,,,,,,,,
,,,,,,ACTGCATCAGTATCAGGACC,49.5908804,99.23,75.7965,43.7240016,,TTCCCCACTGTTTGGCACGA,49.7544814,99.94,94.3777,46.755148,,ACGTCATTCCAGCAGTTGGC,49.6668553,99.91,85.0216,42.1662157,,,,,,,,,,,,,,,,,,,,,,,,
,,,,,,AGGTCGTTTCGTTGGTGACA,45.0743617,98.88,54.4827,23.4396912,,GTGGCGCTGAATTCCATCAA,49.6223166,99.41,84.6305,43.2508383,,CCCTGGGGCGGCGTGACTGG,49.2059242,98.48,82.3529,42.2295253,,,,,,,,,,,,,,,,,,,,,,,,
,,,,,,GCGTTGCTCTCGGCGAAGAG,48.0229745,94.74,27.7024,19.9626729,,ATCCTTACGACCCCAGTCAC,49.9765045,100,100,49.8477761,,ACGAAGCGCCATCAAGTACT,49.5794994,99.11,54.6887,34.7812804,,,,,,,,,,,,,,,,,,,,,,,,
,,,,,,GCGCGTTGCTCTCGGCGAAG,48.4757129,98.23,29.6829,21.194761,,ATCCCGTGACTGGGGTCGTA,49.9091542,100,94.9721,47.4941219,,ACTGCTGGAATGACGTTCAA,49.4359333,98.53,58.579,34.7400872,,,,,,,,,,,,,,,,,,,,,,,,
,,,,,,TGGTCCCTATGACGGCCAGC,49.7768452,99.87,87.6948,45.0521082,,GTATCTGCTCGCAAGCGAAC,49.0733209,98.71,77.545,39.9172468,,TGTCCAACATGTTTTCACCC,49.0636247,98.16,63.7488,37.2556138,,,,,,,,,,,,,,,,,,,,,,,,
,,,,,,TCTTCTTGACGGCTATCTGA,49.6442743,99.6,61.7867,32.0666796,,GAATATCATGAAGCCTTTGA,49.192716,99.05,57.6926,35.3175797,,AAATGGGTTGACCAAGAAAC,48.9111027,99.45,59.9702,33.0708282,,,,,,,,,,,,,,,,,,,,,,,,
,,,,,,AAATTGTTCTACAGAACGCT,49.8019827,98.79,42.1668,37.7027791,,TTGAACAGTTCCCCACTGTT,49.7531142,99.81,91.3669,46.2982348,,TTGAACGTCATTCCAGCAGT,49.890276,99.93,87.2727,46.2775812,,,,,,,,,,,,,,,,,,,,,,,,
,,,,,,GTCCTGATACTGATGCAGTT,49.7102536,99.8,87.792,45.6511014,,CATGGCGGACGCGAATCTAC,48.9211548,98.46,64.0504,33.3196812,,GGCGGCGTGACTGGTGGCAA,48.5669842,95.82,37.251,26.9946461,,,,,,,,,,,,,,,,,,,,,,,,
,,,,,,ATGGTATCGCGCGTTGCTCT,49.2167894,98.92,66.0018,39.8886248,,AATATGGGCCATCCCGTGAC,48.3541954,95.33,56.2547,34.9678174,,CTGGAATGACGTTCAACGGC,49.6865194,99.29,83.9076,47.8169654,,,,,,,,,,,,,,,,,,,,,,,,
,,,,,,GAGTATCCTCATCTTCTTGA,48.5513999,98.72,73.0039,34.0270672,,CAAGGTTGATGGTTCGTTCC,48.4185123,97.85,59.568,29.4905374,,ATGACGTTCAACGGCGGGGT,49.5772681,98.49,74.0089,42.7486136,,,,,,,,,,,,,,,,,,,,,,,,
,,,,,,GGTCAAGCTCGTTTACTTCG,48.6640288,99.06,46.4168,20.7418489,,GAATATCAGTGTTAAAATAT,44.581873,92.9,20.7096,13.4036829,,TACGAAGCGCCATCAAGTAC,49.7370553,100,100,48.0712166,,,,,,,,,,,,,,,,,,,,,,,,
,,,,,,CTGCGGTATCAATCTAATGA,49.5500064,98.52,48.651,32.7283581,,AGAATATCAGCCAGTAAAAT,48.9022167,97.88,55.8233,34.2399207,,TTCGAGGGATATATAGCAAC,48.7070331,96.79,55.1294,31.9372907,,,,,,,,,,,,,,,,,,,,,,,,
,,,,,,CGCGTTGCTCTCGGCGAAGA,48.671389,98.55,53.3955,27.1741853,,GGAATATCAGTGTTAAAATA,45.6941398,94.42,26.5435,17.0749459,,ACCACCTTCCGGCCAACTGC,49.1655404,99.51,89.0218,41.2753172,,,,,,,,,,,,,,,,,,,,,,,,
,,,,,,CTCGACGTAGGTCGTTTCGT,49.5592937,99.28,73.9003,35.4933441,,CACTGATATTCCAATTTTAC,47.3496019,97.22,36.2963,20.8372358,,TCTCTCTACCCAGTACTTGA,49.8305713,100,96.2117,43.3415805,,,,,,,,,,,,,,,,,,,,,,,,
,,,,,,CAGCACCGTGGTCCCTATGA,49.7902682,99.79,75.5539,42.7770741,,,,,,,,TGCAGAGCAGCCGAAGGAAC,96.0949503,97.91,53.669,50.678589,,,,,,,,,,,,,,,,,,,,,,,,
,,,,,,GCGAAGAGGGGATGGCTGTT,49.2643804,98.39,46.533,30.874105,,,,,,,,GTCCAACATGTTTTCACCCT,49.0519998,99.25,82.5377,43.237789,,,,,,,,,,,,,,,,,,,,,,,,
,,,,,,TCTACAGAACGCTTGGCATA,50,100,100,50,,,,,,,,GCCACCAGTCACGCCGCCCC,49.826774,99.3,88.2353,49.2992114,,,,,,,,,,,,,,,,,,,,,,,,
,,,,,,ATACTCCTGCTGGCCGTCAT,49.834917,99.76,88.3794,44.710784,,,,,,,,TGACGTTCAACGGCGGGGTC,49.6117983,99.58,50.5292,30.7603354,,,,,,,,,,,,,,,,,,,,,,,,
,,,,,,TGCTCTCGGCGAAGAGGGGA,46.7420152,91.94,15.1858,15.3870129,,,,,,,,TCACCCTGGGGCGGCGTGAC,49.8668576,100,81.5989,46.0091472,,,,,,,,,,,,,,,,,,,,,,,,
,,,,,,AGCTCGTTTACTTCGCGGTC,49.0738965,98.87,69.9986,41.5640142,,,,,,,,CCGACTTCACGACCACCTTC,48.8619453,98.76,75.1643,36.2589858,,,,,,,,,,,,,,,,,,,,,,,,
,,,,,,TAGGTCGTTTCGTTGGTGAC,48.9590957,97.83,46.0108,28.8070729,,,,,,,,GGCAATGGCTCCTGTTCCTT,49.4620425,99.84,86.2828,46.2942552,,,,,,,,,,,,,,,,,,,,,,,,
,,,,,,ATCCGAACTGCATCAGTATC,49.4462321,98.71,60.7877,36.5833096,,,,,,,,ACGGCGGGGTCGGGCCAAAT,49.785121,98.98,64.4892,40.7165207,,,,,,,,,,,,,,,,,,,,,,,,
,,,,,,AGTGATGGTGGTCCAAGAAA,47.5974503,99.1,65.2561,31.3266081,,,,,,,,TGTTTCTTGGTCAACCCATT,49.2262291,98.89,58.3411,34.2033221,,,,,,,,,,,,,,,,,,,,,,,,
,,,,,,TACTCCTGCTGGCCGTCATA,49.4330003,98.92,68.3477,39.1642302,,,,,,,,AACGGCGGGGTCGGGCCAAA,49.6766839,100,83.0275,41.4305421,,,,,,,,,,,,,,,,,,,,,,,,
,,,,,,TGGACCACCATCACTTTCAT,49.5952848,99.31,67.6981,39.5990152,,,,,,,,TACCAGCATTTCCTGTTTCT,49.1051307,99.29,66.2101,32.5742642,,,,,,,,,,,,,,,,,,,,,,,,
,,,,,,CATTGGTGACTCTGTGAAAA,49.1661967,98.71,45.4204,28.7908808,,,,,,,,,,,,,,,,,,,,,,,,,,,,,,,,,,,,
,,,,,,CGGTGCTGTCCGCCATTTCT,49.6362565,98.71,73.6303,42.1658049,,,,,,,,,,,,,,,,,,,,,,,,,,,,,,,,,,,,