Exon 1,,,,Exon 2 ,,,,Exon 3 ,,,,Exon 4,,,,Exon 5,,,,Exon 6,,,,Exon 7,,,,Exon 8,,
Specificity Score Comparison ,,,,Specificity Score Comparison ,,,,Specificity Score Comparison ,,,,Specificity Score Comparison ,,,,Specificity Score Comparison ,,,,Specificity Score Comparison ,,,,Specificity Score Comparison ,,,,Specificity Score Comparison ,,
Sequence,Benchling ,Geneious ,,Sequence,Benchling ,Geneious ,,Sequence,Benchling ,Geneious ,,Sequence,Benchling ,Geneious ,,Sequence,Benchling ,Geneious ,,Sequence,Benchling ,Geneious ,,Sequence,Benchling ,Geneious ,,Sequence,Benchling ,Geneious 
GTTTATATTGGGCATCAGGT,49.845603,99.92,,GCATCAGTATCAGGACCAGG,49.4850832,99.32,,TATGGGCCATCCCGTGACTG,49.6616262,99.48,,GCTGGAATGACGTTCAACGG,49.0475037,98.77,,ACTGCAATTGGAGACGCCTA,49.9078012,99.81,,ACATACGCAGCATCAGTAGT,49.671347,99.81,,AAGCAGCTTATTCTTGTCAC,49.0132924,97.41,,AGCTATGGTTACCTACTTCA,49.6718963,99.75
TCAAGTTTATATTGGGCATC,49.1816506,98.76,,AGAAATGGCGGACAGCACCG,49.9156662,99.77,,CACCGTCGTGCCAAACAGTG,49.7824081,100,,TGGAATGACGTTCAACGGCG,49.1447843,98.5,,TAGCAGCAAAGCTACACCAT,49.8485735,99.48,,GGTTATTTGCTATATTCTTT,45.6431414,96.98,,TATTCTTGTCACTGGTATGA,49.151138,98.9,,TTGCACCAACACCATGAAGT,49.7158057,100
GCTTTCATCAAGTTTATATT,45.8057099,95.47,,GATGGTGGTCCAAGAAATGG,48.6964903,98.09,,CTGGCTGATATTCTGCATGG,49.5681855,99.94,,TGTTGGACATGGATCTTCGA,48.5266548,99.48,,,,,,GTCTTTATGCTCTGTATATT,49.1419152,98.65,,TCACTGGTATGATGGATCAG,49.5630721,99.03,,GGTTACCTACTTCATGGTGT,49.7001723,99.84
TGCTTTCATCAAGTTTATAT,46.7453016,94.34,,GCTCTTCTTCACGCACAGCG,49.6902606,99.2,,CAGGAACGAACCATCAACCT,49.4859117,100,,CCACCAGTCACGCCGCCCCA,49.8134468,99.44,,,,,,,,,,CTGGTATGATGGATCAGAGG,49.1970088,97.24,,CGTTGAAGAATATTCACTTT,46.5741133,92.33
ATAAACTTGATGAAAGCAAC,47.5723781,97.56,,CTGATGCAGTTCGGATTCTG,49.7848559,99.43,,TGGCACGACGGTGTCCAGCG,49.5685522,98.86,,ATGTTGGACATGGATCTTCG,49.3006738,99.14,,,,,,,,,,AACAATCTGTACAAATGTTT,44.6530633,93.51,,TTCACTTTAGGATTGAAAGT,47.0633439,
TGTAGTAATTGAACATGAAG,47.6586398,98.16,,AATGATGGAGAGCGAAGACG,47.2684374,97.1,,TGGACGTGTTGTTCTGCTCG,49.8380956,99.68,,CCGGAAGGTGGTCGTGAAGT,49.3362838,98.15,,,,,,,,,,ACATCGCTTTCTGACACTGC,49.9075733,100,,AGGATTGAAAGTTGGAAAGA,36.4620933,
GATCTTGTGTATGTGTTTCG,47.6525224,96.94,,GCTGTGCGTGAAGAAGAGCA,48.9353123,97.32,,GACACCGTCGTGCCAAACAG,49.3752423,98.88,,TCCAACATGTTTTCACCCTG,49.1655713,97.65,,,,,,,,,,CAGAAAGCGATGTCGATTTC,47.9168334,96.79,,GATCGAAATGATTATCGAGC,45.769785,
,,,,GTCACCAATGAAAGTGATGG,49.65773,98.51,,TATCCTTACGACCCCAGTCA,49.5418342,99.62,,GCCCCAGGGTGAAAACATGT,48.9534735,97.56,,,,,,,,,,AGAAAGCGATGTCGATTTCA,47.3114708,97.36,,,,
,,,,AGATAGCCGTCAAGAAGATG,48.6791075,98.45,,TTACGACCCCAGTCACGGGA,49.8718075,99.89,,GGGTGAAAACATGTTGGACA,49.1346348,98.8,,,,,,,,,,GAAAGCGATGTCGATTTCAG,48.7784382,98.35,,,,
,,,,GCTGGCCGTCATAGGGACCA,49.8606677,99.67,,GATGGAATTCAGCGCCACGC,49.0499379,98.43,,GACCAAGAAACAGGAAATGC,48.1989931,96.49,,,,,,,,,,AAAGTTCTTCACTGTATCTT,49.2223027,99.07,,,,
,,,,AGAGTCACCAATGAAAGTGA,48.841122,97.35,,TTACTGGCTGATATTCTGCA,49.0447869,99.84,,AACATGTTTTCACCCTGGGG,49.8372222,99.7,,,,,,,,,,,,,,,,
,,,,GAGCATGGTGATGGTGTTCG,48.7452928,93.97,,ACACCGTCGTGCCAAACAGT,49.2402871,97.79,,TGGCAGTGCAGAGCAGCCGA,97.7824827,99.49,,,,,,,,,,,,,,,,
,,,,CGTGAAGAAGAGCATGGTGA,48.1017786,96.32,,ACTGGGGTCGTAAGGATACC,49.7347743,99.95,,TCCAGCAGTTGGCCGGAAGG,49.5851427,99.29,,,,,,,,,,,,,,,,
,,,,GAAGATGAGGATACTCCTGC,49.8192535,99.37,,ATATGGGCCATCCCGTGACT,49.2045988,97.45,,CATTCCAGCAGTTGGCCGGA,49.5405324,99.97,,,,,,,,,,,,,,,,
,,,,ACTGCATCAGTATCAGGACC,49.5908804,99.23,,TTCCCCACTGTTTGGCACGA,49.7544814,99.94,,ACGTCATTCCAGCAGTTGGC,49.6668553,99.91,,,,,,,,,,,,,,,,
,,,,AGGTCGTTTCGTTGGTGACA,45.0743617,98.88,,GTGGCGCTGAATTCCATCAA,49.6223166,99.41,,CCCTGGGGCGGCGTGACTGG,49.2059242,98.48,,,,,,,,,,,,,,,,
,,,,GCGTTGCTCTCGGCGAAGAG,48.0229745,94.74,,ATCCTTACGACCCCAGTCAC,49.9765045,100,,ACGAAGCGCCATCAAGTACT,49.5794994,99.11,,,,,,,,,,,,,,,,
,,,,GCGCGTTGCTCTCGGCGAAG,48.4757129,98.23,,ATCCCGTGACTGGGGTCGTA,49.9091542,100,,ACTGCTGGAATGACGTTCAA,49.4359333,98.53,,,,,,,,,,,,,,,,
,,,,TGGTCCCTATGACGGCCAGC,49.7768452,99.87,,GTATCTGCTCGCAAGCGAAC,49.0733209,98.71,,TGTCCAACATGTTTTCACCC,49.0636247,98.16,,,,,,,,,,,,,,,,
,,,,TCTTCTTGACGGCTATCTGA,49.6442743,99.6,,GAATATCATGAAGCCTTTGA,49.192716,99.05,,AAATGGGTTGACCAAGAAAC,48.9111027,99.45,,,,,,,,,,,,,,,,
,,,,AAATTGTTCTACAGAACGCT,49.8019827,98.79,,TTGAACAGTTCCCCACTGTT,49.7531142,99.81,,TTGAACGTCATTCCAGCAGT,49.890276,99.93,,,,,,,,,,,,,,,,
,,,,GTCCTGATACTGATGCAGTT,49.7102536,99.8,,CATGGCGGACGCGAATCTAC,48.9211548,98.46,,GGCGGCGTGACTGGTGGCAA,48.5669842,95.82,,,,,,,,,,,,,,,,
,,,,ATGGTATCGCGCGTTGCTCT,49.2167894,98.92,,AATATGGGCCATCCCGTGAC,48.3541954,95.33,,CTGGAATGACGTTCAACGGC,49.6865194,99.29,,,,,,,,,,,,,,,,
,,,,GAGTATCCTCATCTTCTTGA,48.5513999,98.72,,CAAGGTTGATGGTTCGTTCC,48.4185123,97.85,,ATGACGTTCAACGGCGGGGT,49.5772681,98.49,,,,,,,,,,,,,,,,
,,,,GGTCAAGCTCGTTTACTTCG,48.6640288,99.06,,GAATATCAGTGTTAAAATAT,44.581873,92.9,,TACGAAGCGCCATCAAGTAC,49.7370553,100,,,,,,,,,,,,,,,,
,,,,CTGCGGTATCAATCTAATGA,49.5500064,98.52,,AGAATATCAGCCAGTAAAAT,48.9022167,97.88,,TTCGAGGGATATATAGCAAC,48.7070331,96.79,,,,,,,,,,,,,,,,
,,,,CGCGTTGCTCTCGGCGAAGA,48.671389,98.55,,GGAATATCAGTGTTAAAATA,45.6941398,94.42,,ACCACCTTCCGGCCAACTGC,49.1655404,99.51,,,,,,,,,,,,,,,,
,,,,CTCGACGTAGGTCGTTTCGT,49.5592937,99.28,,CACTGATATTCCAATTTTAC,47.3496019,97.22,,TCTCTCTACCCAGTACTTGA,49.8305713,100,,,,,,,,,,,,,,,,
,,,,CAGCACCGTGGTCCCTATGA,49.7902682,99.79,,,,,,TGCAGAGCAGCCGAAGGAAC,96.0949503,97.91,,,,,,,,,,,,,,,,
,,,,GCGAAGAGGGGATGGCTGTT,49.2643804,98.39,,,,,,GTCCAACATGTTTTCACCCT,49.0519998,99.25,,,,,,,,,,,,,,,,
,,,,TCTACAGAACGCTTGGCATA,50,100,,,,,,GCCACCAGTCACGCCGCCCC,49.826774,99.3,,,,,,,,,,,,,,,,
,,,,ATACTCCTGCTGGCCGTCAT,49.834917,99.76,,,,,,TGACGTTCAACGGCGGGGTC,49.6117983,99.58,,,,,,,,,,,,,,,,
,,,,TGCTCTCGGCGAAGAGGGGA,46.7420152,91.94,,,,,,TCACCCTGGGGCGGCGTGAC,49.8668576,100,,,,,,,,,,,,,,,,
,,,,AGCTCGTTTACTTCGCGGTC,49.0738965,98.87,,,,,,CCGACTTCACGACCACCTTC,48.8619453,98.76,,,,,,,,,,,,,,,,
,,,,TAGGTCGTTTCGTTGGTGAC,48.9590957,97.83,,,,,,GGCAATGGCTCCTGTTCCTT,49.4620425,99.84,,,,,,,,,,,,,,,,
,,,,ATCCGAACTGCATCAGTATC,49.4462321,98.71,,,,,,ACGGCGGGGTCGGGCCAAAT,49.785121,98.98,,,,,,,,,,,,,,,,
,,,,AGTGATGGTGGTCCAAGAAA,47.5974503,99.1,,,,,,TGTTTCTTGGTCAACCCATT,49.2262291,98.89,,,,,,,,,,,,,,,,
,,,,TACTCCTGCTGGCCGTCATA,49.4330003,98.92,,,,,,AACGGCGGGGTCGGGCCAAA,49.6766839,100,,,,,,,,,,,,,,,,
,,,,TGGACCACCATCACTTTCAT,49.5952848,99.31,,,,,,TACCAGCATTTCCTGTTTCT,49.1051307,99.29,,,,,,,,,,,,,,,,
,,,,CATTGGTGACTCTGTGAAAA,49.1661967,98.71,,,,,,,,,,,,,,,,,,,,,,,,
,,,,CGGTGCTGTCCGCCATTTCT,49.6362565,98.71,,,,,,,,,,,,,,,,,,,,,,,,